Name,Employee_Number,Landline_number,Mobile_number
Francoise,37405,5678934,982770703
Kendra,91537,2321816,766068678
Lourdes,19284,3476934,256641207
Hannah,79718,8054558,299508799
Tom,27984,2330769,480216943
Queenie,17383,5626064,741869316
Hui,83537,9406023,529085785
Josefa,16453,8802998,357448273
Lea,71975,2975486,788755885
Paola,80939,1757163,219111595
Hortencia,97415,7412557,867908340
Leanna,63299,8192783,454412464
Danilo,96621,1207875,950066126
Huey,17591,5650812,814847764
Apolonia,78048,2535700,865214837
Chandra,64435,6412951,885597293
Crissy,70454,2410056,918930911
Gianna,59152,5667705,753762972
Valentin,85717,4853435,877779025
Ilona,31971,6580848,165305072
Willard,90929,4088017,236166904
Lauryn,25271,1344927,554410864
Laurena,11112,5731876,143738349
Elise,20414,7102127,463216194
Corrie,95547,1191694,868047287
Kimberely,45206,7988635,989202524
Tish,10101,6797237,136623014
Hollis,44585,3944379,362171613
Andree,80491,6811391,248418286
Lyla,96617,8416423,154344442
